index,failure_probability,ml_prediction,expert_score,final_status
0,0.0507536306977272,0,1,NORMAL
1,0.1375502347946167,0,1,NORMAL
2,0.38909563422203064,0,6,WARNING
3,0.22244614362716675,0,4,WARNING
4,0.1275836080312729,0,2,NORMAL
5,0.8338566422462463,1,5,WARNING
6,0.9210090041160583,1,18,CRITICAL
7,0.2884347438812256,0,7,WARNING
8,0.08360964804887772,0,4,WARNING
9,0.13955654203891754,0,1,NORMAL
10,0.3132176101207733,0,2,NORMAL
11,0.3247101902961731,0,2,NORMAL
12,0.42628246545791626,0,6,WARNING
13,0.3712584972381592,0,2,NORMAL
14,0.8476631045341492,1,5,WARNING
15,0.9204514622688293,1,6,WARNING
16,0.1116659864783287,0,0,NORMAL
17,0.4249087870121002,0,4,WARNING
18,0.66746985912323,1,5,WARNING
19,0.26168933510780334,0,1,NORMAL
20,0.4310554563999176,0,2,NORMAL
21,0.4308800995349884,0,6,WARNING
22,0.5820071697235107,0,4,WARNING
23,0.4946550726890564,0,3,NORMAL
24,0.6594806909561157,1,5,WARNING
25,0.3751830458641052,0,2,NORMAL
26,0.45623958110809326,0,9,WARNING
27,0.32935306429862976,0,2,NORMAL
28,0.6560600399971008,1,7,WARNING
29,0.6608894467353821,1,7,WARNING
30,0.46972087025642395,0,5,WARNING
31,0.7615700364112854,1,5,WARNING
32,0.6904391646385193,1,5,WARNING
33,0.842599093914032,1,5,WARNING
34,0.9287642240524292,1,9,WARNING
35,0.016416415572166443,0,3,NORMAL
36,0.9851595759391785,1,13,HIGH RISK
37,0.007546187844127417,0,3,NORMAL
38,0.9009325504302979,1,7,WARNING
39,0.9762628674507141,1,7,WARNING
40,0.008041638880968094,0,4,WARNING
41,0.5653509497642517,0,3,NORMAL
42,0.5199474096298218,0,3,NORMAL
43,0.7049311399459839,1,9,WARNING
44,0.6265624761581421,0,3,NORMAL
45,0.2798480987548828,0,1,NORMAL
46,0.8520654439926147,1,6,WARNING
47,0.9506316184997559,1,10,WARNING
48,0.0027965193148702383,0,4,WARNING
49,0.983331561088562,1,13,HIGH RISK
50,0.0033069849014282227,0,6,WARNING
51,0.9364321827888489,1,10,WARNING
52,0.007897736504673958,0,2,NORMAL
53,0.774314820766449,1,7,WARNING
54,0.5422735214233398,0,3,NORMAL
55,0.916999340057373,1,8,WARNING
56,0.4712463319301605,0,2,NORMAL
57,0.6372243762016296,0,2,NORMAL
58,0.6051124930381775,0,2,NORMAL
59,0.916759729385376,1,8,WARNING
60,0.7659910917282104,1,5,WARNING
61,0.8799793124198914,1,5,WARNING
62,0.9793519973754883,1,14,HIGH RISK
63,0.004447254352271557,0,4,WARNING
64,0.5722168684005737,0,2,NORMAL
65,0.5914873480796814,0,2,NORMAL
66,0.5460733771324158,0,4,WARNING
67,0.7162862420082092,1,5,WARNING
68,0.9710435271263123,1,17,HIGH RISK
69,0.4558439552783966,0,8,WARNING
70,0.5622580051422119,0,5,WARNING
71,0.904617428779602,1,7,WARNING
72,0.6402470469474792,0,9,WARNING
73,0.7412618398666382,1,5,WARNING
74,0.6366490125656128,0,2,NORMAL
75,0.608040988445282,0,2,NORMAL
76,0.8570189476013184,1,5,WARNING
77,0.9777225255966187,1,14,HIGH RISK
78,0.0004985922132618725,0,7,WARNING
79,0.10005833208560944,0,2,NORMAL
80,3.774237120524049e-05,0,1,NORMAL
81,3.760573599720374e-05,0,1,NORMAL
82,1.4893531442794483e-05,0,3,NORMAL
83,1.970907578652259e-05,0,1,NORMAL
84,3.385318268556148e-05,0,3,NORMAL
85,2.505130396457389e-05,0,1,NORMAL
86,5.085267184767872e-05,0,2,NORMAL
87,3.401829599170014e-05,0,6,WARNING
88,3.674447725643404e-05,0,4,WARNING
89,1.706745388219133e-05,0,1,NORMAL
90,1.4006515812070575e-05,0,1,NORMAL
91,6.052885146345943e-05,0,12,HIGH RISK
92,2.1409985492937267e-05,0,5,WARNING
93,2.8589092835318297e-05,0,2,NORMAL
94,2.0900215531582944e-05,0,3,NORMAL
95,3.037581336684525e-05,0,8,WARNING
96,2.454905006743502e-05,0,1,NORMAL
97,1.7392774680047296e-05,0,1,NORMAL
98,3.3365085982950404e-05,0,6,WARNING
99,7.699221168877557e-05,0,6,WARNING
100,1.3457089153234847e-05,0,9,WARNING
101,1.5080690900504123e-05,0,4,WARNING
102,3.600563286454417e-05,0,1,NORMAL
103,5.0910897698486224e-05,0,3,NORMAL
104,2.5254979846067727e-05,0,4,WARNING
105,8.143960440065712e-05,0,5,WARNING
106,5.0866590754594654e-05,0,2,NORMAL
107,4.6536708396160975e-05,0,1,NORMAL
108,4.563477705232799e-05,0,1,NORMAL
109,5.990089266560972e-05,0,3,NORMAL
110,5.724750735680573e-05,0,2,NORMAL
111,7.606932194903493e-05,0,1,NORMAL
112,4.7178597014863044e-05,0,3,NORMAL
113,5.6974375183926895e-05,0,2,NORMAL
114,6.400315760402009e-05,0,2,NORMAL
115,0.0002541060093790293,0,1,NORMAL
116,6.603154906770214e-05,0,3,NORMAL
117,0.00016559197683818638,0,2,NORMAL
118,5.971502105239779e-05,0,2,NORMAL
119,0.00011445499694673344,0,3,NORMAL
120,7.788982475176454e-05,0,5,WARNING
121,7.204277790151536e-05,0,5,WARNING
122,0.00010641983681125566,0,2,NORMAL
123,4.9897204007720575e-05,0,1,NORMAL
124,0.00011100392293883488,0,10,WARNING
125,0.00012604560470208526,0,8,WARNING
126,0.00014815881149843335,0,12,HIGH RISK
127,8.094177610473707e-05,0,5,WARNING
128,9.926975326379761e-05,0,6,WARNING
129,4.0879021980799735e-05,0,3,NORMAL
130,7.971100421855226e-05,0,1,NORMAL
131,0.000121267992653884,0,5,WARNING
132,0.00020383685478009284,0,5,WARNING
133,0.00011415852350182831,0,2,NORMAL
134,0.00029296393040567636,0,1,NORMAL
135,0.00012820436677429825,0,5,WARNING
136,0.00013770385703537613,0,2,NORMAL
137,0.00024025658785831183,0,11,WARNING
138,0.0005193132674321532,0,5,WARNING
139,0.0005321843782439828,0,1,NORMAL
140,0.0005093479994684458,0,2,NORMAL
141,0.0005415520281530917,0,6,WARNING
142,0.0006691696471534669,0,2,NORMAL
143,0.000691871449816972,0,3,NORMAL
144,0.0008282593917101622,0,1,NORMAL
145,0.0004469113773666322,0,2,NORMAL
146,0.0007333516841754317,0,2,NORMAL
147,0.0004083460953552276,0,2,NORMAL
148,0.0006605047383345664,0,4,WARNING
149,0.003497319296002388,0,11,WARNING
150,0.0015326045686379075,0,5,WARNING
151,0.000553080637473613,0,8,WARNING
152,0.0007548335124738514,0,3,NORMAL
153,0.0006173657020553946,0,2,NORMAL
154,0.0006836876855231822,0,3,NORMAL
155,0.0010249384213238955,0,3,NORMAL
156,0.009590351954102516,0,1,NORMAL
157,0.037007544189691544,0,9,WARNING
158,0.015038800425827503,0,6,WARNING
159,0.00140759174246341,0,7,WARNING
160,0.00019018670718651265,0,2,NORMAL
161,7.191325130406767e-05,0,4,WARNING
162,0.00013326527550816536,0,4,WARNING
163,0.00011013976472895592,0,1,NORMAL
164,0.00014500693941954523,0,4,WARNING
165,0.00015270848234649748,0,5,WARNING
166,0.00016117730410769582,0,0,NORMAL
167,0.00015304259432014078,0,0,NORMAL
168,7.485800597351044e-05,0,1,NORMAL
169,7.868556713219732e-05,0,0,NORMAL
170,9.70123874139972e-05,0,4,WARNING
171,0.00011697856098180637,0,0,NORMAL
172,0.0001867627870524302,0,2,NORMAL
173,0.00015717558562755585,0,4,WARNING
174,6.441296136472374e-05,0,0,NORMAL
175,0.00010485058010090142,0,0,NORMAL
176,0.00013266898167785257,0,0,NORMAL
177,0.00014166548498906195,0,4,WARNING
178,0.0001490159920649603,0,4,WARNING
179,0.0001582417608005926,0,3,NORMAL
180,0.0001414144498994574,0,3,NORMAL
181,5.7548990298528224e-05,0,8,WARNING
182,8.351809810847044e-05,0,2,NORMAL
183,0.0002385537518421188,0,2,NORMAL
184,8.487609011353925e-05,0,3,NORMAL
185,0.00012745097046718001,0,4,WARNING
186,0.00012874782260041684,0,0,NORMAL
187,0.00014654653205070645,0,0,NORMAL
188,0.000263674883171916,0,0,NORMAL
189,0.00036503313458524644,0,8,WARNING
190,0.0004823335912078619,0,2,NORMAL
191,0.00035789457615464926,0,1,NORMAL
192,0.0003306762664578855,0,1,NORMAL
193,0.0002879026287700981,0,1,NORMAL
194,0.0005435518105514348,0,0,NORMAL
195,0.0002927950117737055,0,6,WARNING
196,0.00031097614555619657,0,2,NORMAL
197,0.0004378145094960928,0,1,NORMAL
198,0.00019905137014575303,0,1,NORMAL
199,0.0003234889009036124,0,0,NORMAL
200,0.0003693527542054653,0,0,NORMAL
201,0.00044250331120565534,0,3,NORMAL
202,0.0005709934630431235,0,2,NORMAL
203,0.000493628263939172,0,1,NORMAL
204,0.00036153040127828717,0,0,NORMAL
205,0.00029579715919680893,0,0,NORMAL
206,0.0002800624642986804,0,0,NORMAL
207,0.00033040367998182774,0,1,NORMAL
208,0.0003920950402971357,0,4,WARNING
209,0.0005385279073379934,0,1,NORMAL
210,0.00041880164644680917,0,3,NORMAL
211,0.000646264583338052,0,2,NORMAL
212,0.00033949027420021594,0,3,NORMAL
213,0.0005913230124861002,0,2,NORMAL
214,0.000519808498211205,0,7,WARNING
215,0.000775793450884521,0,2,NORMAL
216,0.0011225363705307245,0,1,NORMAL
217,0.0007797612925060093,0,2,NORMAL
218,0.0011585431639105082,0,4,WARNING
219,0.0006216667825356126,0,5,WARNING
220,0.0018538965377956629,0,2,NORMAL
221,0.0006545842625200748,0,1,NORMAL
222,0.001470221090130508,0,0,NORMAL
223,0.0007322276942431927,0,1,NORMAL
224,0.0020341528579592705,0,3,NORMAL
225,0.005372025538235903,0,10,WARNING
226,0.0039217653684318066,0,9,WARNING
227,0.002305535366758704,0,2,NORMAL
228,0.0015330578899011016,0,0,NORMAL
229,0.0008363951346836984,0,6,WARNING
230,0.000499954738188535,0,3,NORMAL
231,0.000917891797143966,0,2,NORMAL
232,0.0012584739597514272,0,1,NORMAL
233,0.0017427788116037846,0,0,NORMAL
234,0.0010203593410551548,0,1,NORMAL
235,0.0008073954959399998,0,4,WARNING
236,0.0013055986491963267,0,2,NORMAL
237,0.0006037666462361813,0,0,NORMAL
238,0.0006947423098608851,0,3,NORMAL
239,0.00041138389497064054,0,4,WARNING
240,0.01687479019165039,0,13,HIGH RISK
241,0.0008330401033163071,0,8,WARNING
242,0.005133650731295347,0,11,WARNING
243,0.0012966871727257967,0,6,WARNING
244,0.0007788983057253063,0,4,WARNING
245,0.0009170412668026984,0,5,WARNING
246,0.0024439471308141947,0,5,WARNING
247,0.0015800069086253643,0,5,WARNING
248,0.0038017048500478268,0,7,WARNING
249,0.002891052979975939,0,5,WARNING
250,0.0025201281532645226,0,4,WARNING
251,0.0006649541319347918,0,6,WARNING
252,0.025217330083251,0,15,HIGH RISK
253,0.004726334474980831,0,9,WARNING
254,0.009595684707164764,0,4,WARNING
255,0.01727384142577648,0,5,WARNING
256,0.027015719562768936,0,5,WARNING
257,0.23471108078956604,0,11,WARNING
258,0.31409335136413574,0,8,WARNING
259,0.2984405755996704,0,5,WARNING
260,0.2894687354564667,0,7,WARNING
261,0.31185269355773926,0,4,WARNING
262,0.8143253326416016,1,13,HIGH RISK
263,0.01083142776042223,0,11,WARNING
264,0.01247840654104948,0,11,WARNING
265,0.012354601174592972,0,7,WARNING
266,0.6740201711654663,1,11,WARNING
267,0.9423477053642273,1,18,CRITICAL
268,0.9071864485740662,1,14,HIGH RISK
269,0.5904465317726135,0,11,WARNING
270,0.6546722650527954,1,10,WARNING
271,0.6616817712783813,1,10,WARNING
272,0.9705459475517273,1,21,CRITICAL
273,0.44627225399017334,0,11,WARNING
274,0.9754790663719177,1,15,HIGH RISK
275,0.5028949975967407,0,10,WARNING
276,0.667447566986084,1,10,WARNING
277,0.8991124629974365,1,10,WARNING
278,0.6379681825637817,0,7,WARNING
279,0.739005982875824,1,9,WARNING
280,0.49381911754608154,0,7,WARNING
281,0.8360266089439392,1,10,WARNING
282,0.9702784419059753,1,14,HIGH RISK
283,0.007798679638653994,0,9,WARNING
284,0.8266937732696533,1,8,WARNING
285,0.8044413328170776,1,11,WARNING
286,0.5662928223609924,0,7,WARNING
287,0.61553955078125,0,10,WARNING
288,0.9624617695808411,1,14,HIGH RISK
289,0.005243462976068258,0,7,WARNING
290,0.41872525215148926,0,8,WARNING
291,0.5506033301353455,0,6,WARNING
292,0.7072435617446899,1,9,WARNING
293,0.5826936364173889,0,8,WARNING
294,0.6420522332191467,0,8,WARNING
295,0.607816755771637,0,10,WARNING
296,0.8014281988143921,1,8,WARNING
297,0.8610606789588928,1,10,WARNING
298,0.6877095103263855,1,10,WARNING
299,0.7844997644424438,1,11,WARNING
300,0.9797093868255615,1,20,CRITICAL
301,0.0024816037621349096,0,10,WARNING
302,0.9822534918785095,1,16,HIGH RISK
303,0.004495903383940458,0,6,WARNING
304,0.784153938293457,1,8,WARNING
305,0.6607240438461304,1,9,WARNING
306,0.9256678819656372,1,15,HIGH RISK
307,0.9749723076820374,1,13,HIGH RISK
308,0.010821275413036346,0,7,WARNING
309,0.9685962200164795,1,20,CRITICAL
310,0.015823522582650185,0,12,HIGH RISK
311,0.00524258054792881,0,13,HIGH RISK
312,0.6699838638305664,1,13,HIGH RISK
313,0.7777037620544434,1,9,WARNING
314,0.951479434967041,1,21,CRITICAL
315,0.0021080481819808483,0,13,HIGH RISK
316,0.0034246547147631645,0,7,WARNING
317,0.38130590319633484,0,8,WARNING
318,0.10253480076789856,0,6,WARNING
319,0.6251451969146729,0,17,HIGH RISK
320,2.4326140191988088e-05,0,5,WARNING
321,3.771070987568237e-05,0,4,WARNING
322,3.888929131790064e-05,0,5,WARNING
323,9.157736349152401e-05,0,12,HIGH RISK
324,3.4804870665539056e-05,0,7,WARNING
325,2.2152818928589113e-05,0,5,WARNING
326,6.351646334223915e-06,0,4,WARNING
327,1.1098150935140438e-05,0,1,NORMAL
328,1.7147132894024253e-05,0,3,NORMAL
329,8.002120921446476e-06,0,6,WARNING
330,1.0660418411134742e-05,0,5,WARNING
331,3.6352997994981706e-05,0,11,WARNING
332,2.0218230929458514e-05,0,2,NORMAL
333,5.1976450777146965e-05,0,13,HIGH RISK
334,5.4451447795145214e-05,0,10,WARNING
335,3.2518473744858056e-05,0,4,WARNING
336,3.453666067798622e-05,0,6,WARNING
337,0.00010166376159759238,0,6,WARNING
338,0.000161987409228459,0,7,WARNING
339,0.0001945857220562175,0,4,WARNING
340,0.00019989526481367648,0,3,NORMAL
341,0.00012252050510141999,0,2,NORMAL
342,0.00017279037274420261,0,2,NORMAL
343,6.210833817021921e-05,0,6,WARNING
344,4.768491999129765e-05,0,4,WARNING
345,7.596167415613309e-05,0,6,WARNING
346,8.780197822488844e-05,0,4,WARNING
347,9.995528671424836e-05,0,10,WARNING
348,8.302711648866534e-05,0,5,WARNING
349,9.320839308202267e-05,0,7,WARNING
350,0.00021786802972201258,0,4,WARNING
351,0.00022418091248255223,0,3,NORMAL
352,0.0010437623132020235,0,9,WARNING
353,0.005409972742199898,0,7,WARNING
354,0.0037521200720220804,0,6,WARNING
355,0.00995769165456295,0,3,NORMAL
356,0.002846507588401437,0,3,NORMAL
357,0.00483898026868701,0,5,WARNING
358,0.004650516901165247,0,2,NORMAL
359,0.0018824662547558546,0,4,WARNING
360,0.00651331664994359,0,2,NORMAL
361,0.00449824333190918,0,3,NORMAL
362,0.0031326012685894966,0,1,NORMAL
363,0.022016458213329315,0,7,WARNING
364,0.009709677658975124,0,4,WARNING
365,0.0012361552799120545,0,7,WARNING
366,0.04230450466275215,0,12,HIGH RISK
367,0.007155518513172865,0,8,WARNING
368,0.020738596096634865,0,3,NORMAL
369,0.0048103779554367065,0,4,WARNING
370,0.03580645099282265,0,4,WARNING
371,0.14594607055187225,0,8,WARNING
372,0.015237806364893913,0,6,WARNING
373,0.0594288595020771,0,4,WARNING
374,0.09466329962015152,0,7,WARNING
375,0.02427748590707779,0,5,WARNING
376,0.031981974840164185,0,3,NORMAL
377,0.060979779809713364,0,3,NORMAL
378,0.043331362307071686,0,5,WARNING
379,0.060867082327604294,0,3,NORMAL
380,0.15351590514183044,0,14,HIGH RISK
381,0.045310091227293015,0,5,WARNING
382,0.18899571895599365,0,3,NORMAL
383,0.16121749579906464,0,5,WARNING
384,0.08369883894920349,0,3,NORMAL
385,0.10217443853616714,0,2,NORMAL
386,0.130415141582489,0,2,NORMAL
387,0.1165115237236023,0,3,NORMAL
388,0.13292208313941956,0,3,NORMAL
389,0.07245960086584091,0,7,WARNING
390,0.12135177105665207,0,5,WARNING
391,0.07056136429309845,0,3,NORMAL
392,0.023793382570147514,0,3,NORMAL
393,0.05008373782038689,0,6,WARNING
394,0.05956108495593071,0,2,NORMAL
395,0.07707472890615463,0,3,NORMAL
396,0.05242113023996353,0,2,NORMAL
397,0.0629575252532959,0,2,NORMAL
398,0.016298845410346985,0,5,WARNING
399,0.011955216526985168,0,2,NORMAL
400,2.8372731321724132e-05,0,4,WARNING
401,1.576000067871064e-05,0,0,NORMAL
402,1.020798026729608e-05,0,1,NORMAL
403,6.700316134811146e-06,0,4,WARNING
404,1.1052986337745097e-05,0,0,NORMAL
405,1.1059744792873971e-05,0,2,NORMAL
406,3.386871321708895e-05,0,5,WARNING
407,2.4163067791960202e-05,0,0,NORMAL
408,1.3055695490038488e-05,0,1,NORMAL
409,1.3622871847474016e-05,0,0,NORMAL
410,5.6304661484318785e-06,0,3,NORMAL
411,1.790802889445331e-05,0,3,NORMAL
412,1.334886565018678e-05,0,1,NORMAL
413,8.358823833987117e-06,0,2,NORMAL
414,1.3094773748889565e-05,0,0,NORMAL
415,1.722155138850212e-05,0,0,NORMAL
416,5.946552846580744e-06,0,5,WARNING
417,1.008583240036387e-05,0,1,NORMAL
418,1.2619239896594081e-05,0,4,WARNING
419,5.445502210932318e-06,0,4,WARNING
420,1.1193196769454516e-05,0,2,NORMAL
421,5.11916960022063e-06,0,2,NORMAL
422,9.865962056210265e-06,0,1,NORMAL
423,3.0347553547471762e-05,0,10,WARNING
424,1.9684357539517805e-05,0,2,NORMAL
425,1.1454490959295072e-05,0,3,NORMAL
426,2.4016293536988087e-05,0,2,NORMAL
427,2.4755650883889757e-05,0,1,NORMAL
428,2.300574124092236e-05,0,1,NORMAL
429,0.0001212316783494316,0,0,NORMAL
430,9.429391866433434e-06,0,3,NORMAL
431,1.4058774468139745e-05,0,3,NORMAL
432,4.6303728595376015e-05,0,1,NORMAL
433,3.108266901108436e-05,0,2,NORMAL
434,5.079252878203988e-05,0,0,NORMAL
435,4.49329600087367e-05,0,0,NORMAL
436,1.6984742615022697e-05,0,1,NORMAL
437,4.824717325391248e-05,0,0,NORMAL
438,2.5134673705906607e-05,0,1,NORMAL
439,1.8780776372295804e-05,0,0,NORMAL
440,6.081095853005536e-05,0,10,WARNING
441,7.517272024415433e-06,0,5,WARNING
442,2.8166115953354165e-05,0,0,NORMAL
443,3.7753095966763794e-05,0,1,NORMAL
444,2.1552976249950007e-05,0,0,NORMAL
445,1.5198171240626834e-05,0,1,NORMAL
446,3.238512363168411e-05,0,2,NORMAL
447,2.8838358048233204e-05,0,1,NORMAL
448,4.317893399274908e-05,0,1,NORMAL
449,1.8884944438468665e-05,0,3,NORMAL
450,6.150420813355595e-05,0,0,NORMAL
451,1.4933865713828709e-05,0,1,NORMAL
452,2.647796463861596e-05,0,1,NORMAL
453,5.291881461744197e-05,0,1,NORMAL
454,3.190114875906147e-05,0,5,WARNING
455,4.7019508201628923e-05,0,2,NORMAL
456,3.169153205817565e-05,0,0,NORMAL
457,5.3013722208561376e-05,0,0,NORMAL
458,3.6379318771651015e-05,0,3,NORMAL
459,1.6544387108297087e-05,0,1,NORMAL
460,4.989101944374852e-05,0,1,NORMAL
461,7.992481550900266e-05,0,11,WARNING
462,2.9041175366728567e-05,0,6,WARNING
463,1.618302849237807e-05,0,0,NORMAL
464,6.051280433894135e-05,0,8,WARNING
465,5.861797762918286e-05,0,5,WARNING
466,5.3799652960151434e-05,0,0,NORMAL
467,3.504032429191284e-05,0,0,NORMAL
468,0.00011793281009886414,0,2,NORMAL
469,8.990787318907678e-05,0,1,NORMAL
470,2.373451025050599e-05,0,5,WARNING
471,2.1387373635661788e-05,0,0,NORMAL
472,2.0538085664156824e-05,0,3,NORMAL
473,1.9598979633883573e-05,0,4,WARNING
474,1.5093510228325613e-05,0,5,WARNING
475,1.0223450772173237e-05,0,0,NORMAL
476,5.2700797823490575e-05,0,1,NORMAL
477,3.1523908546660095e-05,0,0,NORMAL
478,2.945144115074072e-05,0,5,WARNING
479,2.71698554570321e-05,0,3,NORMAL
480,0.0009505352936685085,0,2,NORMAL
481,0.0032818191684782505,0,5,WARNING
482,0.0012602221686393023,0,4,WARNING
483,0.00124841439537704,0,5,WARNING
484,0.0010940732900053263,0,2,NORMAL
485,0.0012451237998902798,0,6,WARNING
486,0.005096348002552986,0,3,NORMAL
487,0.0009737696964293718,0,2,NORMAL
488,0.0018446204485371709,0,3,NORMAL
489,0.002308863215148449,0,2,NORMAL
490,0.0006767858285456896,0,3,NORMAL
491,0.0007239739061333239,0,3,NORMAL
492,0.0018405731534585357,0,2,NORMAL
493,0.005644597578793764,0,5,WARNING
494,0.00248823338188231,0,2,NORMAL
495,0.0025126393884420395,0,5,WARNING
496,0.003252703230828047,0,5,WARNING
497,0.0033130948431789875,0,1,NORMAL
498,0.0034477091394364834,0,4,WARNING
499,0.005244214553385973,0,1,NORMAL
500,0.0031051579862833023,0,3,NORMAL
501,0.002337854588404298,0,2,NORMAL
502,0.0018067206256091595,0,2,NORMAL
503,0.0012261010706424713,0,4,WARNING
504,0.004538912326097488,0,2,NORMAL
505,0.00180949701461941,0,2,NORMAL
506,0.0029318027663975954,0,1,NORMAL
507,0.0024053817614912987,0,4,WARNING
508,0.003057690104469657,0,5,WARNING
509,0.0019229742465540767,0,5,WARNING
510,0.003827927866950631,0,1,NORMAL
511,0.006829033140093088,0,1,NORMAL
512,0.003419151995331049,0,6,WARNING
513,0.006124354433268309,0,3,NORMAL
514,0.0015084085753187537,0,3,NORMAL
515,0.0022364992182701826,0,1,NORMAL
516,0.003791032824665308,0,1,NORMAL
517,0.002731837099418044,0,1,NORMAL
518,0.006216927897185087,0,2,NORMAL
519,0.0070098997093737125,0,2,NORMAL
520,0.002016747836023569,0,2,NORMAL
521,0.0055017052218317986,0,1,NORMAL
522,0.004396911710500717,0,3,NORMAL
523,0.0018354285275563598,0,5,WARNING
524,0.003437736304476857,0,2,NORMAL
525,0.007881873287260532,0,3,NORMAL
526,0.00797024741768837,0,1,NORMAL
527,0.003974232356995344,0,2,NORMAL
528,0.0042955828830599785,0,4,WARNING
529,0.001878438051789999,0,3,NORMAL
530,0.003477204591035843,0,2,NORMAL
531,0.021064164116978645,0,6,WARNING
532,0.010075670666992664,0,4,WARNING
533,0.003808512119576335,0,3,NORMAL
534,0.004772358573973179,0,3,NORMAL
535,0.005932736676186323,0,2,NORMAL
536,0.0028300995472818613,0,5,WARNING
537,0.0030320798978209496,0,3,NORMAL
538,0.0036243947688490152,0,1,NORMAL
539,0.0048860362730920315,0,2,NORMAL
540,0.005585513077676296,0,5,WARNING
541,0.0018419218249619007,0,4,WARNING
542,0.002331716939806938,0,1,NORMAL
543,0.0034835964906960726,0,2,NORMAL
544,0.005544469226151705,0,5,WARNING
545,0.011835345067083836,0,3,NORMAL
546,0.015283179469406605,0,2,NORMAL
547,0.008315978571772575,0,2,NORMAL
548,0.005998470354825258,0,2,NORMAL
549,0.007342607248574495,0,2,NORMAL
550,0.008698595687747002,0,4,WARNING
551,0.010228736326098442,0,2,NORMAL
552,0.005966991186141968,0,2,NORMAL
553,0.008260363712906837,0,3,NORMAL
554,0.004144476260989904,0,2,NORMAL
555,0.005770704243332148,0,3,NORMAL
556,0.005452795419842005,0,5,WARNING
557,0.022477207705378532,0,4,WARNING
558,0.004487792495638132,0,2,NORMAL
559,0.03370044007897377,0,8,WARNING
560,0.010188760235905647,0,3,NORMAL
561,0.0027426485903561115,0,4,WARNING
562,0.00278745056129992,0,2,NORMAL
563,0.0021232913713902235,0,4,WARNING
564,0.0221114382147789,0,6,WARNING
565,0.0043512312695384026,0,3,NORMAL
566,0.007806313689798117,0,3,NORMAL
567,0.015235137194395065,0,13,HIGH RISK
568,0.003601992269977927,0,7,WARNING
569,0.003885766491293907,0,2,NORMAL
570,0.014929958619177341,0,6,WARNING
571,0.018166251480579376,0,5,WARNING
572,0.0017998138209804893,0,6,WARNING
573,0.003546102438122034,0,2,NORMAL
574,0.005921136122196913,0,4,WARNING
575,0.007502431981265545,0,3,NORMAL
576,0.013606940396130085,0,11,WARNING
577,0.03840557485818863,0,8,WARNING
578,0.0021888231858611107,0,9,WARNING
579,0.008163666352629662,0,6,WARNING
580,0.002744007855653763,0,3,NORMAL
581,0.0037771982606500387,0,4,WARNING
582,0.00558861019089818,0,3,NORMAL
583,0.0030524299945682287,0,2,NORMAL
584,0.004890781827270985,0,4,WARNING
585,0.009375147521495819,0,4,WARNING
586,0.021825766190886497,0,6,WARNING
587,0.003539634868502617,0,5,WARNING
588,0.01086274441331625,0,3,NORMAL
589,0.03018280863761902,0,3,NORMAL
590,0.026599982753396034,0,3,NORMAL
591,0.022841285914182663,0,7,WARNING
592,0.01392790861427784,0,9,WARNING
593,0.07050145417451859,0,11,WARNING
594,0.003970877733081579,0,7,WARNING
595,0.016204247251152992,0,5,WARNING
596,0.03823311999440193,0,3,NORMAL
597,0.026193387806415558,0,2,NORMAL
598,0.029058126732707024,0,4,WARNING
599,0.034738630056381226,0,2,NORMAL
600,0.012140363454818726,0,3,NORMAL
601,0.10176198184490204,0,13,HIGH RISK
602,0.19271314144134521,0,6,WARNING
603,0.09089162945747375,0,4,WARNING
604,0.43582743406295776,0,4,WARNING
605,0.7761293649673462,1,8,WARNING
606,0.8792777061462402,1,7,WARNING
607,0.9449593424797058,1,14,HIGH RISK
608,0.037617653608322144,0,4,WARNING
609,0.6160913109779358,0,6,WARNING
610,0.7286268472671509,1,10,WARNING
611,0.8954103589057922,1,6,WARNING
612,0.9310824871063232,1,8,WARNING
613,0.5588704347610474,0,5,WARNING
614,0.8744879364967346,1,7,WARNING
615,0.9828886985778809,1,13,HIGH RISK
616,0.0097432192414999,0,6,WARNING
617,0.722020149230957,1,10,WARNING
618,0.6423537135124207,0,5,WARNING
619,0.8490143418312073,1,8,WARNING
620,0.9837755560874939,1,12,HIGH RISK
621,0.00487498939037323,0,5,WARNING
622,0.7549782991409302,1,8,WARNING
623,0.6792826652526855,1,8,WARNING
624,0.7458221912384033,1,9,WARNING
625,0.9306342601776123,1,13,HIGH RISK
626,0.8802412152290344,1,11,WARNING
627,0.9798638820648193,1,14,HIGH RISK
628,0.0027131603565067053,0,5,WARNING
629,0.45844072103500366,0,8,WARNING
630,0.6799967885017395,1,9,WARNING
631,0.5948387980461121,0,9,WARNING
632,0.4682873785495758,0,8,WARNING
633,0.5665205717086792,0,10,WARNING
634,0.7880175709724426,1,9,WARNING
635,0.8150362372398376,1,7,WARNING
636,0.49232086539268494,0,10,WARNING
637,0.45475900173187256,0,8,WARNING
638,0.6182917952537537,0,5,WARNING
639,0.3980259299278259,0,4,WARNING
640,0.0003018754650838673,0,3,NORMAL
641,0.00021911360090598464,0,3,NORMAL
642,0.0002730775740928948,0,0,NORMAL
643,0.00016311406216118485,0,2,NORMAL
644,0.00015712372260168195,0,2,NORMAL
645,0.00030851861811243,0,1,NORMAL
646,0.0005912711494602263,0,1,NORMAL
647,0.0006349672912620008,0,1,NORMAL
648,0.0003164453664794564,0,2,NORMAL
649,0.0001584990823175758,0,4,WARNING
650,0.0005390139413066208,0,2,NORMAL
651,0.00022174384503159672,0,1,NORMAL
652,0.0008654262055642903,0,12,HIGH RISK
653,0.0002629155060276389,0,4,WARNING
654,0.0003709921147674322,0,1,NORMAL
655,0.00021902064327150583,0,3,NORMAL
656,0.0003817449032794684,0,2,NORMAL
657,0.0001836328738136217,0,1,NORMAL
658,0.00019123719539493322,0,0,NORMAL
659,0.00016143801622092724,0,2,NORMAL
660,0.0006815873784944415,0,5,WARNING
661,0.0004039173945784569,0,1,NORMAL
662,0.00012430096103344113,0,4,WARNING
663,0.0008673968259245157,0,1,NORMAL
664,0.00045199456508271396,0,3,NORMAL
665,0.000373264861991629,0,1,NORMAL
666,0.00026300878380425274,0,0,NORMAL
667,0.0004371116228867322,0,1,NORMAL
668,0.0007981323287822306,0,0,NORMAL
669,0.0006879288703203201,0,1,NORMAL
670,0.00035339395981281996,0,1,NORMAL
671,0.0003834959352388978,0,4,WARNING
672,0.0015239553758874536,0,1,NORMAL
673,0.001347763231024146,0,1,NORMAL
674,0.0007872982532717288,0,2,NORMAL
675,0.0005789740243926644,0,3,NORMAL
676,0.0005056218360550702,0,6,WARNING
677,0.0002910815819632262,0,3,NORMAL
678,0.0005938029498793185,0,1,NORMAL
679,0.0017551664495840669,0,1,NORMAL
680,0.0006679829093627632,0,5,WARNING
681,0.000882232969161123,0,11,WARNING
682,0.0006333942874334753,0,7,WARNING
683,0.00103028176818043,0,7,WARNING
684,0.0011222835164517164,0,3,NORMAL
685,0.0029466920532286167,0,1,NORMAL
686,0.001180964638479054,0,2,NORMAL
687,0.00168952951207757,0,0,NORMAL
688,0.0028315908275544643,0,1,NORMAL
689,0.0023331015836447477,0,1,NORMAL
690,0.0011829067952930927,0,3,NORMAL
691,0.0009508377988822758,0,1,NORMAL
692,0.0005098544061183929,0,2,NORMAL
693,0.0021736554335802794,0,10,WARNING
694,0.009759408421814442,0,7,WARNING
695,0.019029270857572556,0,4,WARNING
696,0.08889061212539673,0,9,WARNING
697,0.16918650269508362,0,5,WARNING
698,0.04935774579644203,0,2,NORMAL
699,0.354620099067688,0,4,WARNING
700,0.12799718976020813,0,5,WARNING
701,0.17791427671909332,0,0,NORMAL
702,0.45365387201309204,0,3,NORMAL
703,0.880065381526947,1,8,WARNING
704,0.9493455290794373,1,13,HIGH RISK
705,0.8774239420890808,1,8,WARNING
706,0.0006567970849573612,0,2,NORMAL
707,0.6295796036720276,0,2,NORMAL
708,0.5611388087272644,0,2,NORMAL
709,0.867586612701416,1,4,WARNING
710,0.5881980657577515,0,7,WARNING
711,0.6305569410324097,0,3,NORMAL
712,0.7282918691635132,1,5,WARNING
713,0.5386698842048645,0,6,WARNING
714,0.5902993083000183,0,3,NORMAL
715,0.44753286242485046,0,5,WARNING
716,0.782271146774292,1,8,WARNING
717,0.6068562269210815,0,3,NORMAL
718,0.9352047443389893,1,14,HIGH RISK
719,0.212264284491539,0,5,WARNING
720,7.852965063648298e-05,0,1,NORMAL
721,7.860217010602355e-05,0,0,NORMAL
722,9.428289922652766e-05,0,0,NORMAL
723,3.567584280972369e-05,0,7,WARNING
724,8.154264651238918e-05,0,4,WARNING
725,6.208162812981755e-05,0,1,NORMAL
726,7.03372570569627e-05,0,1,NORMAL
727,4.730794171337038e-05,0,3,NORMAL
728,7.474166341125965e-05,0,2,NORMAL
729,0.00010326692427042872,0,2,NORMAL
730,5.091526691103354e-05,0,2,NORMAL
731,6.0770085838157684e-05,0,0,NORMAL
732,8.531045750714839e-05,0,2,NORMAL
733,0.00010800474410643801,0,2,NORMAL
734,6.720398232573643e-05,0,3,NORMAL
735,4.725559483631514e-05,0,1,NORMAL
736,6.56642732792534e-05,0,1,NORMAL
737,0.00019668648019433022,0,5,WARNING
738,6.214417953742668e-05,0,2,NORMAL
739,5.34655773662962e-05,0,7,WARNING
740,5.987022814224474e-05,0,1,NORMAL
741,9.690457955002785e-05,0,4,WARNING
742,9.581381891621277e-05,0,5,WARNING
743,0.00013124512042850256,0,4,WARNING
744,9.643702651374042e-05,0,3,NORMAL
745,7.902733341325074e-05,0,0,NORMAL
746,7.401445327559486e-05,0,4,WARNING
747,8.692441042512655e-05,0,4,WARNING
748,5.003915794077329e-05,0,0,NORMAL
749,0.00010926534014288336,0,1,NORMAL
750,0.000142153978231363,0,1,NORMAL
751,0.0001929629797814414,0,0,NORMAL
752,9.924703772412613e-05,0,0,NORMAL
753,0.00016109402349684387,0,1,NORMAL
754,6.21041253907606e-05,0,3,NORMAL
755,0.00015834454097785056,0,4,WARNING
756,0.0001526480627944693,0,1,NORMAL
757,0.0001902732183225453,0,1,NORMAL
758,8.603649621363729e-05,0,1,NORMAL
759,4.8575137043371797e-05,0,2,NORMAL
760,0.00020922812109347433,0,2,NORMAL
761,0.0001283958408748731,0,4,WARNING
762,0.00021826056763529778,0,1,NORMAL
763,0.00013835181016474962,0,1,NORMAL
764,0.00012187555694254115,0,0,NORMAL
765,0.00014021727838553488,0,2,NORMAL
766,0.00012312448234297335,0,4,WARNING
767,0.00021145828941371292,0,2,NORMAL
768,0.00046870613005012274,0,7,WARNING
769,6.607116665691137e-05,0,3,NORMAL
770,0.000145731057273224,0,0,NORMAL
771,0.00033512289519421756,0,3,NORMAL
772,0.0002768654958344996,0,2,NORMAL
773,0.00033376365900039673,0,1,NORMAL
774,0.00030111143132671714,0,4,WARNING
775,0.0003911266685463488,0,0,NORMAL
776,0.0004478369955904782,0,2,NORMAL
777,0.00035888812271878123,0,7,WARNING
778,0.0006047494243830442,0,4,WARNING
779,0.0007596025825478137,0,4,WARNING
780,0.00026440140209160745,0,7,WARNING
781,0.00032299431040883064,0,2,NORMAL
782,0.0009208566043525934,0,1,NORMAL
783,0.0008378257043659687,0,0,NORMAL
784,0.0018749822629615664,0,10,WARNING
785,0.005168731324374676,0,5,WARNING
786,0.001704229973256588,0,6,WARNING
787,0.0009070353116840124,0,3,NORMAL
788,0.0017529497854411602,0,1,NORMAL
789,0.008396049030125141,0,4,WARNING
790,0.003069416619837284,0,4,WARNING
791,0.013715035282075405,0,1,NORMAL
792,0.01266467571258545,0,1,NORMAL
793,0.010059061460196972,0,3,NORMAL
794,0.0029185612220317125,0,1,NORMAL
795,0.010025044903159142,0,5,WARNING
796,0.018948877230286598,0,1,NORMAL
797,0.0024055109824985266,0,4,WARNING
798,0.00352921593002975,0,0,NORMAL
799,0.000471332052256912,0,2,NORMAL
800,0.00016040857008192688,0,1,NORMAL
801,0.00033840807736851275,0,1,NORMAL
802,0.0019235049840062857,0,9,WARNING
803,0.0008473399793729186,0,10,WARNING
804,0.00015057659766171128,0,6,WARNING
805,0.00021980325982440263,0,1,NORMAL
806,0.00023123908613342792,0,2,NORMAL
807,0.0002321532228961587,0,2,NORMAL
808,0.00018963225011248142,0,2,NORMAL
809,0.0003501684113871306,0,5,WARNING
810,0.0006034220568835735,0,11,WARNING
811,0.0003205701650585979,0,5,WARNING
812,0.000234738239669241,0,3,NORMAL
813,0.0005110642523504794,0,5,WARNING
814,0.00012622926442418247,0,1,NORMAL
815,0.00044838336179964244,0,2,NORMAL
816,0.0005601162556558847,0,3,NORMAL
817,0.00018597715825308114,0,1,NORMAL
818,0.0007883215439505875,0,5,WARNING
819,0.0009654550231061876,0,6,WARNING
820,0.00019466812955215573,0,7,WARNING
821,0.000533941900357604,0,2,NORMAL
822,0.0004207454330753535,0,3,NORMAL
823,0.0002103627339238301,0,3,NORMAL
824,0.0005260256002657115,0,3,NORMAL
825,0.0008842629031278193,0,3,NORMAL
826,0.0009808820905163884,0,3,NORMAL
827,0.0006674127071164548,0,1,NORMAL
828,0.0008100912673398852,0,7,WARNING
829,0.0005377320921979845,0,1,NORMAL
830,0.0014931585174053907,0,2,NORMAL
831,0.0018270488362759352,0,7,WARNING
832,0.00040584782254882157,0,3,NORMAL
833,0.0008816489716991782,0,2,NORMAL
834,0.0013825544156134129,0,3,NORMAL
835,0.0012365103466436267,0,2,NORMAL
836,0.0022434100974351168,0,1,NORMAL
837,0.000893539225216955,0,1,NORMAL
838,0.0008973465883173048,0,2,NORMAL
839,0.0006408197223208845,0,3,NORMAL
840,0.0021640686318278313,0,10,WARNING
841,0.0013268699403852224,0,4,WARNING
842,0.00024954494438134134,0,7,WARNING
843,0.0013827591901645064,0,3,NORMAL
844,0.0007379923481494188,0,6,WARNING
845,0.004998526535928249,0,13,HIGH RISK
846,0.004906125366687775,0,9,WARNING
847,0.003778063226491213,0,5,WARNING
848,0.0034899453166872263,0,3,NORMAL
849,0.0012106928043067455,0,3,NORMAL
850,0.002169938525184989,0,3,NORMAL
851,0.000472735904622823,0,3,NORMAL
852,0.0007065062527544796,0,4,WARNING
853,0.0018809277098625898,0,5,WARNING
854,0.0028846377972513437,0,1,NORMAL
855,0.004840080626308918,0,3,NORMAL
856,0.0036094633396714926,0,4,WARNING
857,0.0033887058962136507,0,2,NORMAL
858,0.003651192644611001,0,3,NORMAL
859,0.0010144442785531282,0,5,WARNING
860,0.0008713486604392529,0,2,NORMAL
861,0.0016474544536322355,0,3,NORMAL
862,0.002495960798114538,0,3,NORMAL
863,0.0025363510940223932,0,2,NORMAL
864,0.003998627420514822,0,2,NORMAL
865,0.00384087604470551,0,5,WARNING
866,0.00297552184201777,0,2,NORMAL
867,0.021122150123119354,0,6,WARNING
868,0.02053588256239891,0,3,NORMAL
869,0.025180263444781303,0,3,NORMAL
870,0.016575967893004417,0,1,NORMAL
871,0.01581498421728611,0,3,NORMAL
872,0.014118371531367302,0,3,NORMAL
873,0.013059999793767929,0,4,WARNING
874,0.031629111617803574,0,4,WARNING
875,0.032673779875040054,0,4,WARNING
876,0.014673654921352863,0,4,WARNING
877,0.006349111441522837,0,2,NORMAL
878,0.009455743245780468,0,4,WARNING
879,0.011967062018811703,0,3,NORMAL
880,0.0010048766853287816,0,1,NORMAL
881,0.0014493908965960145,0,5,WARNING
882,0.0008166112820617855,0,3,NORMAL
883,0.0002909140021074563,0,2,NORMAL
884,0.0008164183236658573,0,1,NORMAL
885,0.002960667246952653,0,10,WARNING
886,0.00042746536200866103,0,5,WARNING
887,0.0004029351694043726,0,0,NORMAL
888,0.0015026024775579572,0,4,WARNING
889,0.0008885128190740943,0,4,WARNING
890,0.0007851892150938511,0,0,NORMAL
891,0.0012132111005485058,0,1,NORMAL
892,0.0009780415566638112,0,1,NORMAL
893,0.0008199876174330711,0,0,NORMAL
894,0.0013976276386529207,0,1,NORMAL
895,0.0011212896788492799,0,1,NORMAL
896,0.0010153111070394516,0,7,WARNING
897,0.0012302135583013296,0,5,WARNING
898,0.0005616272683255374,0,2,NORMAL
899,0.0011005832348018885,0,1,NORMAL
900,0.000588469672948122,0,2,NORMAL
901,0.005815367680042982,0,6,WARNING
902,0.0006658086203970015,0,1,NORMAL
903,0.011335049755871296,0,5,WARNING
904,0.005053693428635597,0,4,WARNING
905,0.005581901874393225,0,4,WARNING
906,0.0031609477009624243,0,2,NORMAL
907,0.005532871000468731,0,6,WARNING
908,0.010914376005530357,0,3,NORMAL
909,0.0029289494268596172,0,4,WARNING
910,0.010262890718877316,0,2,NORMAL
911,0.007154170423746109,0,2,NORMAL
912,0.009482152760028839,0,1,NORMAL
913,0.01119355857372284,0,1,NORMAL
914,0.008234645240008831,0,1,NORMAL
915,0.014246425591409206,0,1,NORMAL
916,0.007457688916474581,0,2,NORMAL
917,0.004295984748750925,0,0,NORMAL
918,0.003202545689418912,0,4,WARNING
919,0.024368977174162865,0,12,HIGH RISK
920,0.01254893746227026,0,2,NORMAL
921,0.045497819781303406,0,5,WARNING
922,0.41047224402427673,0,7,WARNING
923,0.2119593471288681,0,3,NORMAL
924,0.3499022126197815,0,3,NORMAL
925,0.3746870458126068,0,0,NORMAL
926,0.5585640668869019,0,5,WARNING
927,0.5169745683670044,0,3,NORMAL
928,0.7737475633621216,1,6,WARNING
929,0.4678686559200287,0,6,WARNING
930,0.29657235741615295,0,0,NORMAL
931,0.2409372478723526,0,2,NORMAL
932,0.7438139319419861,1,6,WARNING
933,0.3309873342514038,0,3,NORMAL
934,0.5752341151237488,0,4,WARNING
935,0.08545871078968048,0,3,NORMAL
936,0.4713161885738373,0,3,NORMAL
937,0.6182669997215271,0,2,NORMAL
938,0.7656512260437012,1,6,WARNING
939,0.9609232544898987,1,10,WARNING
940,0.001993169542402029,0,8,WARNING
941,0.6408915519714355,0,2,NORMAL
942,0.46215373277664185,0,6,WARNING
943,0.5827590823173523,0,4,WARNING
944,0.8445525765419006,1,6,WARNING
945,0.9570922255516052,1,9,WARNING
946,0.002422889694571495,0,3,NORMAL
947,0.49857044219970703,0,2,NORMAL
948,0.33732718229293823,0,4,WARNING
949,0.4406561553478241,0,4,WARNING
950,0.36668112874031067,0,2,NORMAL
951,0.31928396224975586,0,2,NORMAL
952,0.6194415092468262,0,3,NORMAL
953,0.49613261222839355,0,6,WARNING
954,0.6380207538604736,0,2,NORMAL
955,0.29106977581977844,0,4,WARNING
956,0.7204714417457581,1,5,WARNING
957,0.6263672113418579,0,4,WARNING
958,0.3229699730873108,0,4,WARNING
959,0.2489970177412033,0,2,NORMAL
960,0.00012595705629792064,0,4,WARNING
961,7.786932837916538e-05,0,2,NORMAL
962,9.53422422753647e-05,0,4,WARNING
963,0.00014957203529775143,0,2,NORMAL
964,0.0005413808976300061,0,11,WARNING
965,0.000522264395840466,0,3,NORMAL
966,0.00011451623868197203,0,3,NORMAL
967,0.00013285178283695132,0,6,WARNING
968,0.0004347604117356241,0,6,WARNING
969,0.0002016401122091338,0,7,WARNING
970,0.00029892727616243064,0,4,WARNING
971,0.0004462300566956401,0,9,WARNING
972,0.00012975042045582086,0,7,WARNING
973,0.00036970555083826184,0,4,WARNING
974,0.0005457557854242623,0,10,WARNING
975,0.000293326418614015,0,12,HIGH RISK
976,0.00012303798575885594,0,6,WARNING
977,0.0003266736457590014,0,5,WARNING
978,0.00026621148572303355,0,6,WARNING
979,0.00029603924485854805,0,5,WARNING
980,0.00031462329206988215,0,9,WARNING
981,0.00010427814413560554,0,4,WARNING
982,0.00017975630180444568,0,2,NORMAL
983,0.00036723125958815217,0,4,WARNING
984,8.932335913414136e-05,0,6,WARNING
985,0.00011390863073756918,0,2,NORMAL
986,0.0007328300853259861,0,6,WARNING
987,0.00016545102698728442,0,6,WARNING
988,0.0005429320153780282,0,2,NORMAL
989,0.00019667766173370183,0,4,WARNING
990,0.0005144706228747964,0,3,NORMAL
991,0.0006146854721009731,0,2,NORMAL
992,0.0003836255636997521,0,12,HIGH RISK
993,0.000628556648734957,0,8,WARNING
994,0.0005951100611127913,0,6,WARNING
995,0.0004977210774086416,0,4,WARNING
996,0.0004795831046067178,0,2,NORMAL
997,0.0006329540628939867,0,8,WARNING
998,0.00028634502086788416,0,2,NORMAL
999,0.0003168574476148933,0,3,NORMAL
